tick,task
0,0
1,0
2,0
3,0
4,0
5,0
6,0
7,0
8,0
9,0
10,1
11,1
12,1
13,1
14,1
15,1
16,1
17,1
18,1
19,1
20,1
21,1
22,1
23,1
24,1
25,2
26,2
27,2
28,2
29,2
30,2
31,2
32,2
33,2
34,2
35,2
36,2
37,2
38,2
39,2
40,2
41,0
42,0
43,0
44,0
45,0
46,0
47,0
48,0
49,0
50,2
51,2
52,2
53,2
54,2
55,2
56,2
57,2
58,3
59,3
60,3
61,1
62,1
63,1
64,1
65,1
66,1
67,1
68,1
69,1
70,1
71,1
72,1
73,1
74,1
75,1
76,3
77,3
78,3
79,3
80,3
81,0
82,0
83,0
84,0
85,0
86,0
87,0
88,0
89,0
90,3
91,3
92,3
93,3
94,3
95,3
96,3
97,3
98,3
99,3
100,3
101,2
102,2
103,2
104,2
105,2
106,2
107,2
108,2
109,2
110,2
111,2
112,2
113,2
114,2
115,2
116,2
117,2
118,2
119,2
120,2
121,0
122,0
123,0
124,0
125,0
126,0
127,0
128,0
129,0
130,1
131,1
132,1
133,1
134,1
135,1
136,1
137,1
138,1
139,1
140,1
141,1
142,1
143,1
144,1
145,2
146,2
147,2
148,2
149,3
150,3
151,3
152,3
153,3
154,3
155,3
156,3
157,3
158,3
159,3
160,3
161,0
162,0
163,0
164,0
165,0
166,0
167,0
168,0
169,0
170,3
171,3
172,3
173,3
174,3
175,3
176,3
177,3
178,3
179,3
180,3
181,1
182,1
183,1
184,1
185,1
186,1
187,1
188,1
189,1
190,1
191,1
192,1
193,1
194,1
195,1
196,3
197,3
198,3
199,3
200,3
201,0
202,0
203,0
204,0
205,0
206,0
207,0
208,0
209,0
210,2
211,2
212,2
213,2
214,2
215,2
216,2
217,2
218,2
219,2
220,2
221,2
222,2
223,2
224,2
225,2
226,2
227,2
228,2
229,2
230,2
231,2
232,2
233,2
234,3
235,3
236,3
237,3
238,3
239,3
240,3
241,0
242,0
243,0
244,0
245,0
246,0
247,0
248,0
249,0
250,1
251,1
252,1
253,1
254,1
255,1
256,1
257,1
258,1
259,1
260,1
261,1
262,1
263,1
264,1
265,3
266,3
267,3
268,3
269,3
270,3
271,3
272,3
273,3
274,3
275,3
276,3
277,3
278,3
279,3
280,3
281,0
282,0
283,0
284,0
285,0
286,0
287,0
288,0
289,0
290,3
291,3
292,3
293,3
294,3
295,3
296,3
297,3
298,3
299,3
300,3
301,1
302,1
303,1
304,1
305,1
306,1
307,1
308,1
309,1
310,1
311,1
312,1
313,1
314,1
315,1
316,2
317,2
318,2
319,2
320,2
321,0
322,0
323,0
324,0
325,0
326,0
327,0
328,0
329,0
330,2
331,2
332,2
333,2
334,2
335,2
336,2
337,2
338,2
339,2
340,2
341,2
342,2
343,2
344,2
345,2
346,2
347,2
348,2
349,3
350,3
351,3
352,3
353,3
354,3
355,3
356,3
357,3
358,3
359,3
360,3
361,0
362,0
363,0
364,0
365,0
366,0
367,0
368,0
369,0
370,1
371,1
372,1
373,1
374,1
375,1
376,1
377,1
378,1
379,1
380,1
381,1
382,1
383,1
384,1
385,3
386,3
387,3
388,3
389,3
390,3
391,3
392,3
393,3
394,3
395,3
396,3
397,3
398,3
399,3
400,3
401,0
402,0
403,0
404,0
405,0
406,0
407,0
408,0
409,0
410,2
411,2
412,2
413,2
414,2
415,2
416,2
417,2
418,2
419,2
420,2
421,1
422,1
423,1
424,1
425,1
426,1
427,1
428,1
429,1
430,1
431,1
432,1
433,1
434,1
435,1
436,2
437,2
438,2
439,2
440,2
441,0
442,0
443,0
444,0
445,0
446,0
447,0
448,0
449,0
450,2
451,2
452,2
453,2
454,2
455,2
456,2
457,2
458,3
459,3
460,3
461,3
462,3
463,3
464,3
465,3
466,3
467,3
468,3
469,3
470,3
471,3
472,3
473,3
474,3
475,3
476,3
477,3
478,3
479,3
480,3
481,0
482,0
483,0
484,0
485,0
486,0
487,0
488,0
489,0
490,1
491,1
492,1
493,1
494,1
495,1
496,1
497,1
498,1
499,1
500,1
501,1
502,1
503,1
504,1
505,2
506,2
507,2
508,2
509,2
510,2
511,2
512,2
513,2
514,2
515,2
516,2
517,2
518,2
519,2
520,2
521,0
522,0
523,0
524,0
525,0
526,0
527,0
528,0
529,0
530,2
531,2
532,2
533,2
534,2
535,2
536,2
537,2
538,3
539,3
540,3
541,1
542,1
543,1
544,1
545,1
546,1
547,1
548,1
549,1
550,1
551,1
552,1
553,1
554,1
555,1
556,3
557,3
558,3
559,3
560,3
561,0
562,0
563,0
564,0
565,0
566,0
567,0
568,0
569,0
570,3
571,3
572,3
573,3
574,3
575,3
576,3
577,3
578,3
579,3
580,3
581,3
582,3
583,3
584,3
585,3
586,3
587,3
588,3
589,3
590,3
591,3
592,3
593,3
594,3
595,3
596,3
597,3
598,3
599,3
600,3
601,0
602,0
603,0
604,0
605,0
606,0
607,0
608,0
609,0
610,1
611,1
612,1
613,1
614,1
615,1
616,1
617,1
618,1
619,1
620,1
621,1
622,1
623,1
624,1
625,2
626,2
627,2
628,2
629,2
630,2
631,2
632,2
633,2
634,2
635,2
636,2
637,2
638,2
639,2
640,2
641,0
642,0
643,0
644,0
645,0
646,0
647,0
648,0
649,0
650,2
651,2
652,2
653,2
654,2
655,2
656,2
657,2
658,3
659,3
660,3
661,1
662,1
663,1
664,1
665,1
666,1
667,1
668,1
669,1
670,1
671,1
672,1
673,1
674,1
675,1
676,3
677,3
678,3
679,3
680,3
681,0
682,0
683,0
684,0
685,0
686,0
687,0
688,0
689,0
690,3
691,3
692,3
693,3
694,3
695,3
696,3
697,3
698,3
699,3
700,3
701,2
702,2
703,2
704,2
705,2
706,2
707,2
708,2
709,2
710,2
711,2
712,2
713,2
714,2
715,2
716,2
717,2
718,2
719,2
720,2
721,0
722,0
723,0
724,0
725,0
726,0
727,0
728,0
729,0
730,1
731,1
732,1
733,1
734,1
735,1
736,1
737,1
738,1
739,1
740,1
741,1
742,1
743,1
744,1
745,2
746,2
747,2
748,2
749,3
750,3
751,3
752,3
753,3
754,3
755,3
756,3
757,3
758,3
759,3
760,3
761,0
762,0
763,0
764,0
765,0
766,0
767,0
768,0
769,0
770,3
771,3
772,3
773,3
774,3
775,3
776,3
777,3
778,3
779,3
780,3
781,1
782,1
783,1
784,1
785,1
786,1
787,1
788,1
789,1
790,1
791,1
792,1
793,1
794,1
795,1
796,3
797,3
798,3
799,3
800,3
801,0
802,0
803,0
804,0
805,0
806,0
807,0
808,0
809,0
810,2
811,2
812,2
813,2
814,2
815,2
816,2
817,2
818,2
819,2
820,2
821,2
822,2
823,2
824,2
825,2
826,2
827,2
828,2
829,2
830,2
831,2
832,2
833,2
834,3
835,3
836,3
837,3
838,3
839,3
840,3
841,0
842,0
843,0
844,0
845,0
846,0
847,0
848,0
849,0
850,1
851,1
852,1
853,1
854,1
855,1
856,1
857,1
858,1
859,1
860,1
861,1
862,1
863,1
864,1
865,3
866,3
867,3
868,3
869,3
870,3
871,3
872,3
873,3
874,3
875,3
876,3
877,3
878,3
879,3
880,3
881,0
882,0
883,0
884,0
885,0
886,0
887,0
888,0
889,0
890,3
891,3
892,3
893,3
894,3
895,3
896,3
897,3
898,3
899,3
900,3
901,1
902,1
903,1
904,1
905,1
906,1
907,1
908,1
909,1
910,1
911,1
912,1
913,1
914,1
915,1
916,2
917,2
918,2
919,2
920,2
921,0
922,0
923,0
924,0
925,0
926,0
927,0
928,0
929,0
930,2
931,2
932,2
933,2
934,2
935,2
936,2
937,2
938,2
939,2
940,2
941,2
942,2
943,2
944,2
945,2
946,2
947,2
948,2
949,3
950,3
951,3
952,3
953,3
954,3
955,3
956,3
957,3
958,3
959,3
960,3
961,0
962,0
963,0
964,0
965,0
966,0
967,0
968,0
969,0
970,1
971,1
972,1
973,1
974,1
975,1
976,1
977,1
978,1
979,1
980,1
981,1
982,1
983,1
984,1
985,3
986,3
987,3
988,3
989,3
990,3
991,3
992,3
993,3
994,3
995,3
996,3
997,3
998,3
999,3
1000,3
1001,0
1002,0
1003,0
1004,0
1005,0
1006,0
1007,0
1008,0
1009,0
1010,2
1011,2
1012,2
1013,2
1014,2
1015,2
1016,2
1017,2
1018,2
1019,2
1020,2
1021,1
1022,1
1023,1
1024,1
1025,1
1026,1
1027,1
1028,1
1029,1
1030,1
1031,1
1032,1
1033,1
1034,1
1035,1
1036,2
1037,2
1038,2
1039,2
1040,2
1041,0
1042,0
1043,0
1044,0
1045,0
1046,0
1047,0
1048,0
1049,0
1050,2
1051,2
1052,2
1053,2
1054,2
1055,2
1056,2
1057,2
1058,3
1059,3
1060,3
1061,3
1062,3
1063,3
1064,3
1065,3
1066,3
1067,3
1068,3
1069,3
1070,3
1071,3
1072,3
1073,3
1074,3
1075,3
1076,3
1077,3
1078,3
1079,3
1080,3
1081,0
1082,0
1083,0
1084,0
1085,0
1086,0
1087,0
1088,0
1089,0
1090,1
1091,1
1092,1
1093,1
1094,1
1095,1
1096,1
1097,1
1098,1
1099,1
1100,1
1101,1
1102,1
1103,1
1104,1
1105,2
1106,2
1107,2
1108,2
1109,2
1110,2
1111,2
1112,2
1113,2
1114,2
1115,2
1116,2
1117,2
1118,2
1119,2
1120,2
1121,0
1122,0
1123,0
1124,0
1125,0
1126,0
1127,0
1128,0
1129,0
1130,2
1131,2
1132,2
1133,2
1134,2
1135,2
1136,2
1137,2
1138,3
1139,3
1140,3
1141,1
1142,1
1143,1
1144,1
1145,1
1146,1
1147,1
1148,1
1149,1
1150,1
1151,1
1152,1
1153,1
1154,1
1155,1
1156,3
1157,3
1158,3
1159,3
1160,3
1161,0
1162,0
1163,0
1164,0
1165,0
1166,0
1167,0
1168,0
1169,0
1170,3
1171,3
1172,3
1173,3
1174,3
1175,3
1176,3
1177,3
1178,3
1179,3
1180,3
1181,3
1182,3
1183,3
1184,3
1185,3
1186,3
1187,3
1188,3
1189,3
1190,3
1191,3
1192,3
1193,3
1194,3
1195,3
1196,3
1197,3
1198,3
1199,3
