iter,malloc,free,malloc_loaded,free_loaded
0,490,790,458,167
1,358,177,327,163
2,337,160,337,163
3,337,160,337,163
4,337,160,337,163
5,337,160,337,163
6,337,160,337,163
7,337,160,337,163
8,337,160,337,163
9,337,160,337,163
10,337,160,337,163
11,337,160,337,163
12,337,160,337,163
13,337,160,337,163
14,337,160,337,163
15,337,160,337,163
16,337,160,337,163
17,337,160,337,163
18,337,160,337,163
19,337,160,337,163
20,337,160,337,163
21,337,160,337,163
22,337,160,337,163
23,337,160,337,163
24,337,160,337,163
25,337,160,337,163
26,337,160,337,163
27,337,160,337,163
28,337,160,337,163
29,337,160,337,163
30,337,160,337,163
31,337,160,337,163
32,337,160,337,163
33,337,160,337,163
34,337,160,337,163
35,337,160,337,163
36,337,160,337,163
37,337,160,337,163
38,337,160,337,163
39,337,160,337,163
40,337,160,337,163
41,337,160,337,163
42,337,160,337,163
43,337,160,337,163
44,337,160,337,163
45,337,160,337,163
46,337,160,337,163
47,337,160,337,163
48,337,160,337,163
49,337,160,337,163
50,337,160,337,163
51,337,160,337,163
52,337,160,337,163
53,337,160,337,163
54,337,160,337,163
55,337,160,337,163
56,337,160,337,163
57,337,160,337,163
58,337,160,337,163
59,337,160,337,163
60,337,160,337,163
61,337,160,337,163
62,337,160,337,163
63,337,160,337,163
64,337,160,337,163
65,337,160,337,163
66,337,160,337,163
67,337,160,337,163
68,337,160,337,163
69,337,160,337,163
70,337,160,337,163
71,337,160,337,163
72,337,160,337,163
73,337,160,337,163
74,337,160,337,163
75,337,160,337,163
76,337,160,337,163
77,337,160,337,163
78,337,160,337,163
79,337,160,337,163
80,337,160,337,163
81,337,160,337,163
82,337,160,337,163
83,337,160,337,163
84,337,160,337,163
85,337,160,337,163
86,337,160,337,163
87,337,160,337,163
88,337,160,337,163
89,337,160,337,163
90,337,160,337,163
91,337,160,337,163
92,337,160,337,163
93,337,160,337,163
94,337,160,337,163
95,337,160,337,163
96,337,160,337,163
97,337,160,337,163
98,337,160,337,163
99,337,160,337,163
100,337,160,337,163
101,337,160,337,163
102,337,160,337,163
103,337,160,337,163
104,337,160,337,163
105,337,160,337,163
106,337,160,337,163
107,337,160,337,163
108,337,160,337,163
109,337,160,337,163
110,337,160,337,163
111,337,160,337,163
112,337,160,337,163
113,337,160,337,163
114,337,160,337,163
115,337,160,337,163
116,337,160,337,163
117,337,160,337,163
118,337,160,337,163
119,337,160,337,163
120,337,160,337,163
121,337,160,337,163
122,337,160,337,163
123,337,160,337,163
124,337,160,337,163
125,337,160,337,163
126,337,160,337,163
127,337,160,337,163
128,337,160,337,163
129,337,160,337,163
130,337,160,337,163
131,337,160,337,163
132,337,160,337,163
133,337,160,337,163
134,337,160,337,163
135,337,160,337,163
136,337,160,337,163
137,337,160,337,163
138,337,160,337,163
139,337,160,337,163
140,337,160,337,163
141,337,160,337,163
142,337,160,337,163
143,337,160,337,163
144,337,160,337,163
145,337,160,337,163
146,337,160,337,163
147,337,160,337,163
148,337,160,337,163
149,337,160,337,163
150,337,160,337,163
151,337,160,337,163
152,337,160,337,163
153,337,160,337,163
154,337,160,337,163
155,337,160,337,163
156,337,160,337,163
157,337,160,337,163
158,337,160,337,163
159,337,160,337,163
160,337,160,337,163
161,337,160,337,163
162,337,160,337,163
163,337,160,337,163
164,337,160,337,163
165,337,160,337,163
166,337,160,337,163
167,337,160,337,163
168,337,160,337,163
169,337,160,337,163
170,337,160,337,163
171,337,160,337,163
172,337,160,337,163
173,337,160,337,163
174,337,160,337,163
175,337,160,337,163
176,337,160,337,163
177,337,160,337,163
178,337,160,337,163
179,337,160,337,163
180,337,160,337,163
181,337,160,337,163
182,337,160,337,163
183,337,160,337,163
184,337,160,337,163
185,337,160,337,163
186,337,160,337,163
187,337,160,337,163
188,337,160,337,163
189,337,160,337,163
190,337,160,337,163
191,337,160,337,163
192,337,160,337,163
193,337,160,337,163
194,337,160,337,163
195,337,160,337,163
196,337,160,337,163
197,337,160,337,163
198,337,160,337,163
199,337,160,337,163
200,337,160,337,163
201,337,160,337,163
202,337,160,337,163
203,337,160,337,163
204,337,160,337,163
205,337,160,337,163
206,337,160,337,163
207,337,160,337,163
208,337,160,337,163
209,337,160,337,163
210,337,160,337,163
211,337,160,337,163
212,337,160,337,163
213,337,160,337,163
214,337,160,337,163
215,337,160,337,163
216,337,160,337,163
217,337,160,337,163
218,337,160,337,163
219,337,160,337,163
220,337,160,337,163
221,337,160,337,163
222,337,160,337,163
223,337,160,337,163
224,337,160,337,163
225,337,160,337,163
226,337,160,337,163
227,337,160,337,163
228,337,160,337,163
229,337,160,337,163
230,337,160,337,163
231,337,160,337,163
232,337,160,337,163
233,337,160,337,163
234,337,160,337,163
235,337,160,337,163
236,337,160,337,163
237,337,160,337,163
238,337,160,337,163
239,337,160,337,163
240,337,160,337,163
241,337,160,337,163
242,337,160,337,163
243,337,160,337,163
244,337,160,337,163
245,337,160,337,163
246,337,160,337,163
247,337,160,337,163
248,337,160,337,163
249,337,160,337,163
250,337,160,337,163
251,337,160,337,163
252,337,160,337,163
253,337,160,337,163
254,337,160,337,163
255,337,160,337,163
256,337,160,337,163
257,337,160,337,163
258,337,160,337,163
259,337,160,337,163
260,337,160,337,163
261,337,160,337,163
262,337,160,337,163
263,337,160,337,163
264,337,160,337,163
265,337,160,337,163
266,337,160,337,163
267,337,160,337,163
268,337,160,337,163
269,337,160,337,163
270,337,160,337,163
271,337,160,337,163
272,337,160,337,163
273,337,160,337,163
274,337,160,337,163
275,337,160,337,163
276,337,160,337,163
277,337,160,337,163
278,337,160,337,163
279,337,160,337,163
280,337,160,337,163
281,337,160,337,163
282,337,160,337,163
283,337,160,337,163
284,337,160,337,163
285,337,160,337,163
286,337,160,337,163
287,337,160,337,163
288,337,160,337,163
289,337,160,337,163
290,337,160,337,163
291,337,160,337,163
292,337,160,337,163
293,337,160,337,163
294,337,160,337,163
295,337,160,337,163
296,337,160,337,163
297,337,160,337,163
298,337,160,337,163
299,337,160,337,163
300,337,160,337,163
301,337,160,337,163
302,337,160,337,163
303,337,160,337,163
304,337,160,337,163
305,337,160,337,163
306,337,160,337,163
307,337,160,337,163
308,337,160,337,163
309,337,160,337,163
310,337,160,337,163
311,337,160,337,163
312,337,160,337,163
313,337,160,337,163
314,337,160,337,163
315,337,160,337,163
316,337,160,337,163
317,337,160,337,163
318,337,160,337,163
319,337,160,337,163
320,337,160,337,163
321,337,160,337,163
322,337,160,337,163
323,337,160,337,163
324,337,160,337,163
325,337,160,337,163
326,337,160,337,163
327,337,160,337,163
328,337,160,337,163
329,337,160,337,163
330,337,160,337,163
331,337,160,337,163
332,337,160,337,163
333,337,160,337,163
334,337,160,337,163
335,337,160,337,163
336,337,160,337,163
337,337,160,337,163
338,337,160,337,163
339,337,160,337,163
340,337,160,337,163
341,337,160,337,163
342,337,160,337,163
343,337,160,337,163
344,337,160,337,163
345,337,160,337,163
346,337,160,337,163
347,337,160,337,163
348,337,160,337,163
349,337,160,337,163
350,337,160,337,163
351,337,160,337,163
352,337,160,337,163
353,337,160,337,163
354,337,160,337,163
355,337,160,337,163
356,337,160,337,163
357,337,160,337,163
358,337,160,337,163
359,337,160,337,163
360,337,160,337,163
361,337,160,337,163
362,337,160,337,163
363,337,160,337,163
364,337,160,337,163
365,337,160,337,163
366,337,160,337,163
367,337,160,337,163
368,337,160,337,163
369,337,160,337,163
370,337,160,337,163
371,337,160,337,163
372,337,160,337,163
373,337,160,337,163
374,337,160,337,163
375,337,160,337,163
376,337,160,337,163
377,337,160,337,163
378,337,160,337,163
379,337,160,337,163
380,337,160,337,163
381,337,160,337,163
382,337,160,337,163
383,337,160,337,163
384,337,160,337,163
385,337,160,337,163
386,337,160,337,163
387,337,160,337,163
388,337,160,337,163
389,337,160,337,163
390,337,160,337,163
391,337,160,337,163
392,337,160,337,163
393,337,160,337,163
394,337,160,337,163
395,337,160,337,163
396,337,160,337,163
397,337,160,337,163
398,337,160,337,163
399,337,160,337,163
400,337,160,337,163
401,337,160,337,163
402,337,160,337,163
403,337,160,337,163
404,337,160,337,163
405,337,160,337,163
406,337,160,337,163
407,337,160,337,163
408,337,160,337,163
409,337,160,337,163
410,337,160,337,163
411,337,160,337,163
412,337,160,337,163
413,337,160,337,163
414,337,160,337,163
415,337,160,337,163
416,337,160,337,163
417,337,160,337,163
418,337,160,337,163
419,337,160,337,163
420,337,160,337,163
421,337,160,337,163
422,337,160,337,163
423,337,160,337,163
424,337,160,337,163
425,337,160,337,163
426,337,160,337,163
427,337,160,337,163
428,337,160,337,163
429,337,160,337,163
430,337,160,337,163
431,337,160,337,163
432,337,160,337,163
433,337,160,337,163
434,337,160,337,163
435,337,160,337,163
436,337,160,337,163
437,337,160,337,163
438,337,160,337,163
439,337,160,337,163
440,337,160,337,163
441,337,160,337,163
442,337,160,337,163
443,337,160,337,163
444,337,160,337,163
445,337,160,337,163
446,337,160,337,163
447,337,160,337,163
448,337,160,337,163
449,337,160,337,163
450,337,160,337,163
451,337,160,337,163
452,337,160,337,163
453,337,160,337,163
454,337,160,337,163
455,337,160,337,163
456,337,160,337,163
457,337,160,337,163
458,337,160,337,163
459,337,160,337,163
460,337,160,337,163
461,337,160,337,163
462,337,160,337,163
463,337,160,337,163
464,337,160,337,163
465,337,160,337,163
466,337,160,337,163
467,337,160,337,163
468,337,160,337,163
469,337,160,337,163
470,337,160,337,163
471,337,160,337,163
472,337,160,337,163
473,337,160,337,163
474,337,160,337,163
475,337,160,337,163
476,337,160,337,163
477,337,160,337,163
478,337,160,337,163
479,337,160,337,163
480,337,160,337,163
481,337,160,337,163
482,337,160,337,163
483,337,160,337,163
484,337,160,337,163
485,337,160,337,163
486,337,160,337,163
487,337,160,337,163
488,337,160,337,163
489,337,160,337,163
490,337,160,337,163
491,337,160,337,163
492,337,160,337,163
493,337,160,337,163
494,337,160,337,163
495,337,160,337,163
496,337,160,337,163
497,337,160,337,163
498,337,160,337,163
499,337,160,337,163
500,337,160,337,163
501,337,160,337,163
502,337,160,337,163
503,337,160,337,163
504,337,160,337,163
505,337,160,337,163
506,337,160,337,163
507,337,160,337,163
508,337,160,337,163
509,337,160,337,163
510,337,160,337,163
511,337,160,337,163
