requested_u,configured_u,measured_u,ticks,misses,sched_overhead_c0_cyc,sched_overhead_c1_cyc,C0,C1,C2,T0,T1,T2,done0,done1,done2,expected0,expected1,expected2,ci_av0,ci_av1,ci_av2,ti_av0,ti_av1,ti_av2
0.5,0.476667,0.470703,12021,0,1214,780,6,10,16,40,60,100,301,201,120,301,201,121,4807614,8011626,12817486,31999871,48686933,82203068
0.7,0.688333,0.6884,12021,0,1180,794,9,14,23,40,60,100,301,200,120,301,201,121,7210728,11215768,18424118,31999897,49030425,78623987
0.85,0.838333,0.839523,12021,0,1180,1027,11,17,28,40,60,100,301,200,120,301,201,121,8812639,13618676,22429386,31782600,48844162,79129658
0.9,0.9,0.905197,12019,0,1203,991,12,18,30,40,60,100,301,200,120,301,201,121,9613723,14419723,24031353,31460409,48638044,79265704
0.95,0.926667,0.934631,12020,0,1180,987,12,19,31,40,60,100,301,200,120,301,201,121,9613709,15220824,24832286,31264974,48464003,79309447
0.975,0.961667,0.975449,12022,0,1180,953,13,19,32,40,60,100,301,200,120,301,201,121,10414708,15220841,25633370,31029012,48205779,79094183
1.0,0.988333,1.009491,12020,0,1206,941,13,20,33,40,60,100,301,200,120,301,201,121,10414404,16021778,26434881,31502423,46904660,78359239
1.025,0.998333,1.025009,12020,20,1204,949,13,20,34,40,60,100,301,200,120,301,201,121,10414331,16021648,27236285,30961491,46452012,79225826
1.05,1.05,1.050919,12021,550,1197,948,14,21,35,40,60,100,271,192,119,301,201,121,11215302,16822698,28037391,37328851,43018428,78006819
1.1,1.076667,1.062927,12021,533,1185,982,14,22,36,40,60,100,236,200,119,301,201,121,11215306,17623792,28838738,36766084,43557614,81627690
