iter,8 KB (fits L1),256 KB (fits L2)
0,12009,458767
1,7376,466823
2,6687,466859
3,6687,466859
4,6687,466859
5,6687,466824
6,6687,466824
7,6687,466785
8,6687,466859
9,6687,466824
10,6687,466824
11,6687,466824
12,6687,466859
13,6687,466859
14,6687,466859
15,6687,466785
16,6687,
17,6687,
18,6687,
19,6687,
20,6687,
21,6687,
22,6687,
23,6687,
24,6687,
25,6687,
26,6687,
27,6687,
28,6687,
29,6687,
30,6687,
31,6687,
32,6687,
33,6687,
34,6687,
35,6687,
36,6687,
37,6687,
38,6687,
39,6687,
40,6687,
41,6687,
42,6687,
43,6687,
44,6687,
45,6687,
46,6687,
47,6688,
48,6687,
49,6687,
50,6687,
51,6687,
52,6687,
53,6687,
54,6687,
55,6687,
56,6687,
57,6687,
58,6687,
59,6687,
60,6687,
61,6687,
62,6687,
63,6687,
